pair	metric	gptq-w3g128-as4-kd	paper_reported	ours-beam
de-en	bleu	31.41	30.89	31.59
de-en	chrf	55.10		55.27
de-en	comet-22	85.06	84.95	85.02
de-en	kiwi-22	81.65	81.50	81.69
de-en	kiwi-xxl	84.18	83.97	84.45
de-en	xcomet-xxl	94.49	94.20	94.66
de-en	metricx-24	2.97		2.95
de-en	halluc	0.00		0.05
cs-en	bleu	43.94	44.39	44.83
cs-en	chrf	66.74		67.33
cs-en	comet-22	86.82	86.85	87.00
cs-en	kiwi-22	82.75	82.63	82.78
cs-en	kiwi-xxl	83.71	83.75	84.22
cs-en	xcomet-xxl	88.41	88.03	88.73
cs-en	metricx-24	3.74		3.70
cs-en	halluc	0.07		0.07
is-en	bleu	39.75	39.67	40.21
is-en	chrf	61.12		61.72
is-en	comet-22	87.05	87.14	87.26
is-en	kiwi-22	81.62	81.57	81.68
is-en	kiwi-xxl	85.91	85.73	85.97
is-en	xcomet-xxl	81.23	80.49	81.15
is-en	metricx-24	3.41		3.36
is-en	halluc	0.00		0.00
zh-en	bleu	22.56	23.23	22.87
zh-en	chrf	51.85		52.20
zh-en	comet-22	81.52	81.64	81.58
zh-en	kiwi-22	79.33	79.24	79.46
zh-en	kiwi-xxl	77.16	77.17	77.37
zh-en	xcomet-xxl	91.70	91.65	91.78
zh-en	metricx-24	1.76		1.66
zh-en	halluc	0.32		0.53
ru-en	bleu	39.79	39.06	39.61
ru-en	chrf	64.08		64.17
ru-en	comet-22	85.59	85.45	85.59
ru-en	kiwi-22	81.77	81.72	81.89
ru-en	kiwi-xxl	81.72	81.54	81.69
ru-en	xcomet-xxl	91.37	91.18	91.55
ru-en	metricx-24	2.78		2.75
ru-en	halluc	0.00		0.15
en-de	bleu	28.01	27.72	28.05
en-de	chrf	55.41		55.66
en-de	comet-22	86.75	86.40	86.93
en-de	kiwi-22	83.61	83.28	83.69
en-de	kiwi-xxl	84.92	84.25	85.30
en-de	xcomet-xxl	97.55	97.48	97.71
en-de	metricx-24	0.73		0.69
en-de	halluc	0.29		0.20
en-cs	bleu	25.93	26.32	26.25
en-cs	chrf	52.14		52.25
en-cs	comet-22	90.59	90.29	90.60
en-cs	kiwi-22	85.28	84.99	85.37
en-cs	kiwi-xxl	88.26	87.06	88.74
en-cs	xcomet-xxl	93.92	93.61	94.41
en-cs	metricx-24	2.79		2.73
en-cs	halluc	0.29		0.49
en-is	bleu	22.07	22.88	22.26
en-is	chrf	50.09		50.58
en-is	comet-22	86.79	86.85	87.05
en-is	kiwi-22	82.43	82.18	82.44
en-is	kiwi-xxl	85.96	85.68	86.41
en-is	xcomet-xxl	92.83	91.93	92.82
en-is	metricx-24	3.40		3.26
en-is	halluc	0.20		0.20
en-zh	bleu	33.14	34.06	33.92
en-zh	chrf	27.67		28.37
en-zh	comet-22	86.90	86.86	87.03
en-zh	kiwi-22	82.49	82.25	82.58
en-zh	kiwi-xxl	84.77	84.32	85.23
en-zh	xcomet-xxl	92.32	92.03	92.47
en-zh	metricx-24	1.33		1.29
en-zh	halluc	1.62		1.72
en-ru	bleu	24.32	24.15	24.41
en-ru	chrf	50.07		50.08
en-ru	comet-22	88.79	88.30	88.75
en-ru	kiwi-22	84.44	83.98	84.40
en-ru	kiwi-xxl	87.99	87.37	88.28
en-ru	xcomet-xxl	95.35	95.22	95.36
en-ru	metricx-24	1.41		1.39
en-ru	halluc	0.39		0.25
avg_en-xx	bleu	26.69	27.03	26.98
avg_en-xx	chrf	47.08		47.39
avg_en-xx	comet-22	87.96	87.74	88.07
avg_en-xx	kiwi-22	83.65	83.34	83.70
avg_en-xx	kiwi-xxl	86.38	85.74	86.79
avg_en-xx	xcomet-xxl	94.39	94.05	94.55
avg_en-xx	metricx-24	1.93		1.87
avg_en-xx	halluc	0.56		0.57
avg_xx-en	bleu	35.49	35.45	35.82
avg_xx-en	chrf	59.78		60.14
avg_xx-en	comet-22	85.21	85.21	85.29
avg_xx-en	kiwi-22	81.42	81.33	81.50
avg_xx-en	kiwi-xxl	82.54	82.43	82.74
avg_xx-en	xcomet-xxl	89.44	89.11	89.57
avg_xx-en	metricx-24	2.93		2.88
avg_xx-en	halluc	0.08		0.16
