pair	metric	ours-beam	paper_reported	ours
de-en	bleu	31.59	30.89	31.59
de-en	chrf	55.27		55.25
de-en	comet-22	85.02	84.95	84.99
de-en	kiwi-22	81.69	81.50	81.69
de-en	kiwi-xxl	84.45	83.97	84.43
de-en	xcomet-xxl	94.66	94.20	94.67
de-en	metricx-24	2.95		2.95
de-en	halluc	0.05		0.05
cs-en	bleu	44.83	44.39	44.85
cs-en	chrf	67.33		67.30
cs-en	comet-22	87.00	86.85	86.99
cs-en	kiwi-22	82.78	82.63	82.76
cs-en	kiwi-xxl	84.22	83.75	84.18
cs-en	xcomet-xxl	88.73	88.03	88.63
cs-en	metricx-24	3.70		3.70
cs-en	halluc	0.07		0.07
is-en	bleu	40.21	39.67	40.15
is-en	chrf	61.72		61.65
is-en	comet-22	87.26	87.14	87.24
is-en	kiwi-22	81.68	81.57	81.67
is-en	kiwi-xxl	85.97	85.73	85.93
is-en	xcomet-xxl	81.15	80.49	81.12
is-en	metricx-24	3.36		3.36
is-en	halluc	0.00		0.00
zh-en	bleu	22.87	23.23	22.99
zh-en	chrf	52.20		52.24
zh-en	comet-22	81.58	81.64	81.60
zh-en	kiwi-22	79.46	79.24	79.54
zh-en	kiwi-xxl	77.37	77.17	77.50
zh-en	xcomet-xxl	91.78	91.65	91.91
zh-en	metricx-24	1.66		1.65
zh-en	halluc	0.53		0.48
ru-en	bleu	39.61	39.06	39.65
ru-en	chrf	64.17		64.21
ru-en	comet-22	85.59	85.45	85.60
ru-en	kiwi-22	81.89	81.72	81.88
ru-en	kiwi-xxl	81.69	81.54	81.76
ru-en	xcomet-xxl	91.55	91.18	91.55
ru-en	metricx-24	2.75		2.75
ru-en	halluc	0.15		0.15
en-de	bleu	28.05	27.72	27.88
en-de	chrf	55.66		55.53
en-de	comet-22	86.93	86.40	86.88
en-de	kiwi-22	83.69	83.28	83.68
en-de	kiwi-xxl	85.30	84.25	85.25
en-de	xcomet-xxl	97.71	97.48	97.70
en-de	metricx-24	0.69		0.68
en-de	halluc	0.20		0.20
en-cs	bleu	26.25	26.32	26.16
en-cs	chrf	52.25		52.30
en-cs	comet-22	90.60	90.29	90.52
en-cs	kiwi-22	85.37	84.99	85.40
en-cs	kiwi-xxl	88.74	87.06	88.53
en-cs	xcomet-xxl	94.41	93.61	94.42
en-cs	metricx-24	2.73		2.72
en-cs	halluc	0.49		0.49
en-is	bleu	22.26	22.88	22.17
en-is	chrf	50.58		50.52
en-is	comet-22	87.05	86.85	87.12
en-is	kiwi-22	82.44	82.18	82.58
en-is	kiwi-xxl	86.41	85.68	86.58
en-is	xcomet-xxl	92.82	91.93	93.27
en-is	metricx-24	3.26		3.24
en-is	halluc	0.20		0.00
en-zh	bleu	33.92	34.06	33.89
en-zh	chrf	28.37		28.53
en-zh	comet-22	87.03	86.86	87.05
en-zh	kiwi-22	82.58	82.25	82.61
en-zh	kiwi-xxl	85.23	84.32	85.25
en-zh	xcomet-xxl	92.47	92.03	92.61
en-zh	metricx-24	1.29		1.30
en-zh	halluc	1.72		1.72
en-ru	bleu	24.41	24.15	24.36
en-ru	chrf	50.08		50.13
en-ru	comet-22	88.75	88.30	88.78
en-ru	kiwi-22	84.40	83.98	84.45
en-ru	kiwi-xxl	88.28	87.37	88.27
en-ru	xcomet-xxl	95.36	95.22	95.37
en-ru	metricx-24	1.39		1.40
en-ru	halluc	0.25		0.29
avg_en-xx	bleu	26.98	27.03	26.89
avg_en-xx	chrf	47.39		47.40
avg_en-xx	comet-22	88.07	87.74	88.07
avg_en-xx	kiwi-22	83.70	83.34	83.74
avg_en-xx	kiwi-xxl	86.79	85.74	86.78
avg_en-xx	xcomet-xxl	94.55	94.05	94.67
avg_en-xx	metricx-24	1.87		1.87
avg_en-xx	halluc	0.57		0.54
avg_xx-en	bleu	35.82	35.45	35.85
avg_xx-en	chrf	60.14		60.13
avg_xx-en	comet-22	85.29	85.21	85.28
avg_xx-en	kiwi-22	81.50	81.33	81.51
avg_xx-en	kiwi-xxl	82.74	82.43	82.76
avg_xx-en	xcomet-xxl	89.57	89.11	89.58
avg_xx-en	metricx-24	2.88		2.88
avg_xx-en	halluc	0.16		0.15
