idx	delta	kd	fp16	src	ref	fp16_hyp	kd_hyp	kd_errors
265	-96.7	3.3	100.0	He led the Ducks to the Pac-12 championship last season, throwing 32 touchdowns and six interceptions in 14 games.	Hann leiddi Ducks til sigurs í Pac-13 á síðasta tímabili er hann kastaði 32 snertimörk og náði sex inngripum í 14 leikjum.	Í fyrra leiddi hann Ducks-liðið til sigurs í Pac-12 deildarkeppninni með því að kasta 32 snertimörkum og grípa sex bolta. Þetta gerði hann í 14 leikjum.	Hann leiddi Ducks-liðið til sigursins í Pac-12 deildinni á síðasta tímabili, með 32 snemmbúnu snemmbúnu snemmbúnu snemmbúnu snemmbúnu snemmbúnu snemmbúnu snemmbúnu snemmbúnu snemmbúnu snemmbúnu snemmbúnu snemmbúnu snemmbúnu snemmbúnu snemmbúnu snemmbúnu snemmbúnu snemmbúnu snemmbúnu snemmbúnu snemmbúnu snemmbúnu snemmbúnu snemmbúnu snemmbúnu snemmbúnu snemmbúnu snemmbúnu snemmbúnu snemmbúnu snemmbúnu snemmbúnu snemmbúnu snemmbúnu snemmbúnu snemmbúnu snemmbúnu snemmbúnu snemmbúnu snemmbúnu snemmbúnu snemmbúnu snem	critical:<s>; critical:með 32 snemmbúnu snemmbúnu snemmbúnu snemmbúnu snemmbúnu snemmbúnu snemmbúnu snemmbúnu snemmbúnu snemmbúnu snemmbúnu snemmbúnu snemmbúnu snemmbúnu snemmbúnu snemmbúnu snemmbúnu snemmbúnu snemmbúnu snemmbúnu snemmbúnu snemmbúnu snemmbúnu snemmbúnu snemmbúnu snemmbúnu snemmbúnu snemmbúnu snemmbúnu snemmbúnu snemmbúnu snemmbúnu snemmbúnu snemmbúnu snemmbúnu snemmbúnu snemmbúnu snemmbúnu snemmbúnu snemmbúnu snemmbúnu snemmbúnu snemmbúnu snem
266	-95.8	3.6	99.4	He capped his career with a win over Wisconsin in the Rose Bowl, where he ran for three touchdowns and was named the offensive MVP.	Hann kórónaði ferilinn með sigri á Wisconsin í Rose Bowl, þar sem hann náði þremur snertimörkum og var útnefndur besti sóknarmaðurinn.	Hann lauk ferli sínum með sigri á Wisconsin í Rose Bowl-leiknum þar sem hann skoraði þrjú snertimörk og var útnefndur besti sóknarleikmaðurinn.	Hann lauk ferli sínu með sigri á Wisconsin í Rose Bowl-leiknum þar sem hann skoraði þrjú snemmbúna snemmbúna snemmbúna snemmbúna snemmbúna snemmbúna snemmbúna snemmbúna snemmbúna snemmbúna snemmbúna snemmbúna snemmbúna snemmbúna snemmbúna snemmbúna snemmbúna snemmbúna snemmbúna snemmbúna snemmbúna snemmbúna snemmbúna snemmbúna snemmbúna snemmbúna snemmbúna snemmbúna snemmbúna snemmbúna snemmbúna snemmbúna snemmbúna snemmbúna snemmbúna snemmbúna snemmbúna snemmbúna snemmbúna snemmbúna snemmbúna snemmbúna snemmbúna snemmbúna sn	critical:<s>; critical:þrjú snemmbúna snemmbúna snemmbúna snemmbúna snemmbúna snemmbúna snemmbúna snemmbúna snemmbúna snemmbúna snemmbúna snemmbúna snemmbúna snemmbúna snemmbúna snemmbúna snemmbúna snemmbúna snemmbúna snemmbúna snemmbúna snemmbúna snemmbúna snemmbúna snemmbúna snemmbúna snemmbúna snemmbúna snemmbúna snemmbúna snemmbúna snemmbúna snemmbúna snemmbúna snemmbúna snemmbúna snemmbúna snemmbúna snemmbúna snemmbúna snemmbúna snemmbúna snemmbúna snemmbúna sn
103	-89.8	-0.9	88.9	Instead they conceded a penalty almost immediately.	Þess í stað fengu þeir á sig vítaspyrnu svo gott sem strax.	Í staðinn gáfu þeir andstæðingnum vítaspyrnu skömmu síðar.	Í stað þess að leggja fram kröfu um leyfi til að hefja leik að nýju, gáfu þeir strax eftir að hafa fengið leyfi til að hefja leik aftur eftir að hafa fengið leyfi til að hefja leik aftur eftir að hafa fengið leyfi til að hefja leik aftur eftir að hafa fengið leyfi til að hefja leik aftur eftir að hafa fengið leyfi til að hefja leik aftur eftir að hafa fengið leyfi til að hefja leik aftur eftir að hafa fengið leyfi til að hefja leik aftur eftir að hafa fengið leyfi til að hefja leik aftur eftir að hafa fengið leyfi	critical:um leyfi til að hefja leik að nýju,; critical:fu; critical:strax eftir að hafa fengið leyfi til að hefja leik aftur eftir að hafa fengið leyfi til að hefja leik aftur eftir að hafa fengið leyfi til að hefja leik aftur eftir að hafa fengið leyfi til að hefja leik aftur eftir að hafa fengið leyfi til að hefja leik aftur eftir að hafa fengið leyfi til að hefja leik aftur eftir að hafa fengið leyfi til að hefja leik aftur eftir að hafa fengið leyfi til að hefja leik aftur eftir að hafa fengið leyfi
46	-82.8	17.2	100.0	Corporation health officials are in touch with the customers who visited the bank.	Heilbrigðisfulltrúar fyrirtækisins hafa sett sig í samband við þá viðskiptavini sem heimsóttu bankann.	Heilbrigðisyfirvöld fyrirtækisins eru í samskiptum við viðskiptavini bankans sem heimsóttu hann.	Starfsmenn fyrirtækisins hafa haft samband við viðskiptavini sem heimsóttu bankann.	critical:Starfsmenn fyrirtækisins hafa haft samband við viðskiptavini sem heimsóttu bankann.
35	-81.7	2.6	84.3	KCNA did not specifically mention whether the individual had been tested, but said an "uncertain result was made from several medical check-ups of the secretion of that person's upper respiratory organ and blood," prompting officials to quarantine the person and investigate anyone he may have been in contact with.	KCNA tók ekki fram hvort einstaklingurinn hefði verið prófaður en sagði að „óljós niðurstaða hefði fengist úr mörgum læknisskoðunum á sýni úr koki og nefholi, sem og blóðsýni,“ sem leiddi til þess að yfirvöld settu einstaklinginn í sóttkví og munu rannsaka alla sem hann hefur komist í návígi við.	KCNA sagði ekki sérstaklega frá því hvort einstaklingurinn hafi verið prófaður, en sagði að niðurstöður úr ýmsum læknisskoðunum á útskilnaði úr öndunarfærum hans og blóði hafi verið óljósar, sem leiddi til þess að einstaklingurinn var settur í sóttkví og rannsakaðir þeir sem hann gæti hafa verið í nánum samskiptum við.	KCNA tilkynnti ekki sérstaklega hvort einstaklingurinn hefði verið prófaður, en sagði að niðurstöður hefðu verið teknar með því að framkvæma læknisfræðilegar athuganir á öndunarvegi og blóði viðkomandi einstaklings og að niðurstöður hefðu verið teknar með því að framkvæma læknisfræðilegar athuganir á öndunarvegi og blóði viðkomandi einstaklings og að niðurstöður hefðu verið teknar með því að framkvæma læknisfræðilegar athuganir á öndunarvegi og blóði viðkomandi einstaklings og að niðurstöður hefðu verið teknar með því	critical:, en sagði að niðurstöður hefðu verið teknar með því að framkvæma læknisfræðilegar athuganir á öndunarvegi og blóði viðkomandi einstaklings og að niðurstöður hefðu verið teknar með því að framkvæma læknisfræðilegar athuganir á öndunarvegi og blóði viðkomandi einstaklings og að niðurstöður hefðu verið teknar með því að framkvæma læknisfræðilegar athuganir á; critical:öndunarvegi og blóði viðkomandi einstaklings og að niðurstöður hefðu verið teknar með því
581	-78.8	-1.5	77.3	Safari park baboons seen armed with knives, screwdrivers and CHAINSAW as 'pranksters give them weapons to wreck cars'	Bavíanar í safarígarði sjást vopnaðir hnífum, skrúfjárnum og KEÐJUSÖG er „hrekkjalómar gefa þeim vopn til að skemma bíla“	Babúar í dýragarðinum Safarí sáust með hnífa, skrúfjárn og keðjusög í höndunum, þar sem þeir höfðu fengið vopnin að gjöf frá grínistum til að eyðileggja bíla	Dýralífssvæðið í Kenýa þar sem babíónar eru vopnaðir með hnífur, skrúfdrífum og sérhæfðum sérhæfðum sérhæfðum sérhæfðum sérhæfðum sérhæfðum sérhæfðum sérhæfðum sérhæfðum sérhæfðum sérhæfðum sérhæfðum sérhæfðum sérhæfðum sérhæfðum sérhæfðum sérhæfðum sérhæfðum sérhæfðum sérhæfðum sérhæfðum sérhæfðum sérhæfðum sérhæfðum sérhæfðum sérhæfðum sérhæfðum sérhæfðum sérhæfðum sérhæfðum	critical:Dý; critical:svæðið í Kenýa þar sem; critical:v; critical:fur; critical:fd; critical:og sérhæfðum sérhæfðum sérhæfðum sérhæfðum sérhæfðum sérhæfðum sérhæfðum sérhæfðum sérhæfðum sérhæfðum sérhæfðum sérhæfðum sérhæfðum sérhæfðum sérhæfðum sérhæfðum sérhæfðum sérhæfðum sérhæfðum sérhæfðum sérhæfðum sérhæfðum sérhæfðum sérhæfðum sérhæfðum sérhæfðum sérhæfðum sérhæfðum sérhæfðum sérhæfðum
90	-78.1	5.8	83.9	The whistle had just blown on their five years in the Premier League and nobody could say that, when the occasion demanded them to hurl the kitchen sink at Arsenal, they went down without a fight.	Það var nýbúið að flauta af fimm ára setu þeirra í Úrvalsdeildinni og það gat enginn sagt að þeir hefðu fallið án þess að berjast fyrir sínu þegar aðstæðurnar neyddu þá til að leggja allt í sölurnar á móti Arsenal.	Bjöllunni hafði nýlega verið hringt á fimm ára veru þeirra í úrvalsdeildinni og enginn gat sagt að þeir hefðu gefist upp án þess að berjast þegar á þurfti að halda gegn Arsenal.	Þegar þeir höfðu verið í Premier League í fimm ár höfðu þeir aldrei sagt að þeir hefðu ekki verið tilbúnir til að kasta úr eldhúsinu á Arsenal þegar það krafðist af þeim. Þeir gátu ekki sagt að þeir hefðu ekki verið tilbúnir til að kasta úr eldhúsinu á Arsenal þegar það krafðist af þeim. Þeir gátu ekki sagt að þeir hefðu ekki verið tilbúnir til að kasta úr eldhúsinu á Arsenal þegar það krafðist af þeim. Þeir gátu ekki sagt að þeir hefðu ekki verið tilbúnir til að kasta úr eldhú	critical:Þegar þeir höfðu verið í Premier League; critical:fimm ár höfðu þeir aldrei sagt að þeir hefðu ekki verið tilbúnir til að kasta úr eldhúsinu á Arsenal þegar það krafðist af þeim. Þeir gátu ekki sagt að þeir hefðu ekki verið tilbúnir til að kasta úr eldhúsinu á Arsenal þegar það krafðist af þeim. Þeir gátu ekki sagt að þeir hefðu ekki verið tilbúnir til að kasta úr eldhúsinu á Arsenal þegar það krafðist af þeim. Þeir gátu ekki sagt að þeir hefðu ekki verið tilbúnir til að kasta úr eldhú
52	-77.2	22.3	99.5	"But, be that as it may, politically, it doesn't work."	„En hvað sem því líður gengur það ekki upp pólitískt séð.“	"En hvað sem því líður, pólitískt virkar það ekki."	"En það er þó ekki hægt að segja að það sé pólitískt þrátt fyrir það."	
886	-76.0	12.0	88.0	"What happened there? Oh my word," the commentary team on ESPN+ were heard exclaiming.	„Hvað gerðist þarna? Ja, hérna hér,“ heyrðist í lýsendunum á ESPN+.	"Hvað gerðist þarna? Guð minn góður," hrópuðu umsjónarmennirnir á ESPN+.	"Hvað gerðist þar? Ó, ó, ó, ó, ó, ó, ó, ó, ó, ó, ó, ó, ó, ó, ó, ó, ó, ó, ó, ó, ó, ó, ó, ó, ó, ó, ó, ó, ó, ó, ó, ó, ó, ó, ó, ó, ó, ó, ó, ó, ó, ó, ó, ó, ó, ó, ó, ó, ó, ó, ó, ó, ó, ó, ó, ó, ó, ó, ó, ó, ó, ó, ó, ó, ó, ó, ó, ó, ó, ó, ó, ó, ó, ó, ó, ó, ó, ó, ó, ó, ó, ó, ó, ó, ó, ó, ó, ó, ó, ó, ó, ó, ó, ó, ó, ó, ó, ó, ó, ó, ó, ó, ó, ó, ó, ó, ó, ó, ó, ó, ó, ó, ó, ó, ó, ó, ó, ó, ó, ó, ó, ó, ó	critical:<s> "Hvað gerðist þar? Ó, ó, ó, ó, ó, ó, ó, ó, ó, ó, ó, ó, ó, ó, ó, ó, ó, ó, ó, ó, ó, ó, ó, ó, ó, ó, ó, ó, ó, ó, ó, ó, ó, ó, ó, ó, ó, ó, ó, ó, ó, ó, ó, ó, ó, ó, ó, ó, ó, ó, ó, ó, ó, ó, ó, ó, ó, ó, ó, ó, ó, ó, ó, ó, ó, ó, ó, ó, ó, ó, ó, ó, ó, ó, ó, ó, ó, ó, ó, ó, ó, ó, ó, ó, ó, ó, ó, ó, ó, ó, ó, ó, ó, ó, ó, ó, ó, ó, ó, ó, ó, ó, ó, ó, ó, ó, ó, ó, ó, ó, ó, ó, ó, ó, ó, ó, ó, ó, ó, ó, ó, ó, ó
598	-74.3	23.6	97.9	In a note, the Press Office of the President of the Republic informs that the measure aims to materialize the Government principle of construction and expansion of the network of public hospitals to ensure better medical care and medication to the population.	Skrifstofa forseta lýðveldisins hefur gefið út að þessari aðgerð sé ætlað að uppfylla markmið ríkisstjórnarinnar um byggingu og stækkun almenningssjúkrahúsa til að tryggja betri heilbrigðis- og lyfjaþjónustu fyrir íbúa landsins.	Í fréttatilkynningu frá skrifstofu forseta lýðveldisins kemur fram að markmiðið með aðgerðinni sé að hrinda í framkvæmd stefnu ríkisstjórnarinnar um uppbyggingu og stækkun neti opinberra sjúkrahúsa til að tryggja betri heilbrigðisþjónustu og lyfjameðferð fyrir íbúa landsins.	Í tilkynningu frá fjölmiðlafulltrúa forsetaembættisins kemur fram að tilgangur þessarar aðgerðar sé að tryggja að ríkisstjórnin fari í aðgerðir til að tryggja betri heilbrigðisþjónustu og lyfjaframleiðslu fyrir íbúa landsins.	critical:Í tilkynningu frá fjölmiðlafulltrúa forse; critical:em
835	-74.1	25.8	99.9	"I mean he's really, he's made the Labour party competitive again."	„Ég meina, hann hefur virkilega gert Verkamannaflokkinn samkeppnishæfan aftur.“	"Ég meina, hann hefur virkilega gert það að verkum að Verkamannaflokkurinn er aftur orðinn samkeppnishæfur."	"Ég meina að hann hefur gert það að verkum að þingflokkur Verkamannaflokksins er orðinn samkeppishæfur aftur."	
540	-73.7	2.9	76.6	Blue moth orchids will revert back to their original white, but sprayed cacti and heathers, coated in a light-suppressing layer of dye, are unlikely to survive for long.	Bláar phalaenopsis-orkídeur fá upprunalegan hvítan lit sinn aftur en ólíklegt er að kaktusar og beitilyng sem úðuð eru með litarefnum sem útilokar sólarljós lifi lengi.	Bláu mjólkurhvannirnar munu líklega snúa aftur í upprunalega hvíta liti sína, en spreyjaðar kaktusplöntur og bláberjalyng með yfirborðsmeðhöndlun sem dregur úr ljósgleypni munu líklega ekki lifa lengi.	Blúmudúfur eru líklegar til að snúa aftur í upprunalega hvítu litinn, en það er ólíklegt að blönduðu kaktar og blönduðu blönduðu blönduðu blönduðu blönduðu blönduðu blönduðu blönduðu blönduðu blönduðu blönduðu blönduðu blönduðu blönduðu blönduðu blönduðu blönduðu blönduðu blönduðu blönduðu blönduðu blönduðu blönduðu blönduðu blönduðu blönduðu blönduðu blönduðu blönduðu blönduðu blönduðu blönduðu blönduðu blönd	critical:blönduðu; critical:og blönduðu blönduðu blönduðu blönduðu blönduðu blönduðu blönduðu blönduðu blönduðu blönduðu blönduðu blönduðu blönduðu blönduðu blönduðu blönduðu blönduðu blönduðu blönduðu blönduðu blönduðu blönduðu blönduðu blönduðu blönduðu blönduðu blönduðu blönduðu blönduðu blönduðu blönduðu blönduðu blönduðu blönd
348	-72.5	1.4	74.0	"It's a very hard slide in an extremely violent direction," Mr. Savage said as he washed his eyes of pepper spray and nursed a wound on his arm from a flash grenade.	„Þetta er mjög hörð breyting í afar ofbeldisfulla átt,“ sagði Savage er hún skolaði piparúðann úr augunum og hlúði að sári á hendi sem hún hlaut af blossasprengju.	"Þetta er mjög erfið hreyfing í mjög harkalegri átt," sagði Savage þegar hann þvoði augun af piparúða og nuddaði sár á handleggnum eftir að hafa orðið fyrir sprengjuárás.	"Þetta er mjög erfiður hlutur í mjög harkalegri átt," sagði Mr. Savage þegar hann þurrkaði augun á sér eftir að hafa notað kryddsprengju til að hjálpa sér við að hjálpa sér að hjálpa sér að hjálpa sér að hjálpa sér að hjálpa sér að hjálpa sér að hjálpa sér að hjálpa sér að hjálpa sér að hjálpa sér að hjálpa sér að hjálpa sér að hjálpa sér að hjálpa sér að hjálpa sér að hjálpa sér að hjálpa sér að hjálpa sér að hjálpa sér að hjálpa sér að hjálpa sér að hjálpa sér að	critical:notað; critical:ngju til að hjálpa sér við að hjálpa sér að hjálpa sér að hjálpa sér að hjálpa sér að hjálpa sér að hjálpa sér að hjálpa sér að hjálpa sér að hjálpa sér að hjálpa sér að hjálpa sér að hjálpa sér að hjálpa sér að hjálpa sér að hjálpa sér að hjálpa sér að hjálpa sér að hjálpa sér að hjálpa sér að hjálpa sér að hjálpa sér að hjálpa sér að
210	-71.9	19.2	91.1	But a series of recently passed or pending measures in the Commonwealth Parliament give rise to concerns about our own, home-grown authoritarianism.	Ýmis lög sem hafa nýlega verið sett eða verða sett á næstunni á löggjafarþingi Ástralíu vekja þó áhyggjur um valdboðsákvarðanir í okkar eigin landi.	Hins vegar vekja nýlega samþykktar eða í undirbúningi lagaákvæði á vegum samveldisþingsins áhyggjur af eigin, innlendri einræðisstjórn.	En fjöldi nýlegra laga sem samþykkt hafa verið eða eru til umræðu í fulltrúadeild Commonwealth-þingsins vekja upp áhyggjur af því hvernig við sjáum okkur sjálf og hvernig við bregjum við aðstæðum á heimavísu.	critical:En fjöldi nýlegra laga sem samþykkt hafa verið; critical:eru; critical:Commonweal; critical:sins vekja upp áhyggjur af því hvernig við sjáum okkur sjálf og hvernig við bregjum við aðstæðum á heimavísu.
729	-70.4	25.9	96.3	"Generally speaking with respect to demand we have not returned to pre-COVID levels although appetite is growing."	„Almennt talað hefur eftirspurnin ekki náð því stigi sem hún var á fyrir COVID en hún er að aukast.“	Almennt séð hefur eftirspurn ekki náð sömu hæðum og fyrir kórónuveirufaraldurinn þótt eftirspurnin sé að aukast.	" Í grófum dráttum má segja að þegar kemur að eftirspurn erum við ekki komin aftur upp í það hlutfall sem var áður áður en COVID kom til sögunnar, þrátt fyrir að áhugi á matvælum sé að vaxa."	
30	-70.3	29.7	100.0	North Korean leader Kim Jong-un convened an emergency politburo meeting after a person suspected of having Covid-19 returned from South Korea after illegally crossing the border this month, state media said on Sunday.	Kim Jong-un, leiðtogi Norður-Kóreu, hélt neyðarfund í framkvæmdastjórn Norður-Kóreu eftir að maður sem grunur liggur á um að hafi verið smitaður af Covid-19 kom til landsins frá Suður-Kóreu er hann fór ólöglega yfir landamærin fyrr í mánuðinum, að sögn ríkisfjölmiðla á sunnudaginn.	Kim Jong-un, leiðtogi Norður-Kóreu, boðaði til neyðarfundar stjórnarráðsins eftir að einstaklingur sem grunaður var um að vera með Covid-19 kom aftur frá Suður-Kóreu eftir að hafa ólöglega yfirgefið landamærin í þessum mánuði, sagði ríkisfjölmiðillinn á sunnudag.	Kim Jong-un, leiðtogi Norður-Kóreu, boðaði til neyðarþingi þingflokksins eftir að einstaklingur sem er grunaður um að hafa smitað af Covid-19 kom aftur til Norður-Kóreu eftir að hafa ólöglega farið yfir landamærin í þessum mánuði, samkvæmt fréttum ríkisstjórnarinnar í dag.	critical:Kim Jong-un, leiðtogi Norður-Kóreu, boðaði til neyðarþingi þingflokksins eftir að einstaklingur sem er grunaður um að; critical:smitað; critical:Covid-19; critical:Norður-Kóreu
836	-69.4	21.8	91.2	"There is still a long way to go on policy but he's made a really impressive start and he's got to a situation where for a lot of people who had really given up on the Labour party, voters as it were, I think they are now looking at it again much more sympathetically and they regard him as a serious figure."	„Það er enn mikið verk óunnið í stefnumálum en hann hefur farið virkilega vel af stað og komið sér á stað þar sem margir sem höfðu í raun gefist upp á Verkamannaflokknum, semsagt kjósendur, ég held að þeir hugsi sig nú aftur um og sjái hann sem alvöru stjórnmálamann.	Það er enn langt í land með stefnumótunina en hann hefur hafið störf með mjög góðum árangri og komið sér í þá stöðu að margir sem höfðu gefist upp á Verkamannaflokknum, það er að segja kjósendurnir, líta nú á hann sem alvarlegan stjórnmálamann. Ég held að þeir líti nú á flokkinn mun hlýlegri augum en áður.	"En það er enn langur vegur á milli stefnunnar og hann hefur tekið mjög góðum skrefum í átt að því marki að fólk sem hafði gefist upp á að styðja þjóðflokkinn hefur nú fengið tækifæri til þess að líta á hann sem alvarlegan þjóðhöfðingja."	
827	-65.4	31.2	96.7	Labour anti-Semitism whistleblowers demand Corbyn be expelled or face lawsuit	Uppljóstrarar um gyðingaandúð í Verkamannaflokknum krefjast þess að Corbyn verði sagt úr flokknum eða ákærður	Starfsmenn Verkamannaflokksins sem birtu upplýsingar um gyðingahatur innan flokksins krefjast þess að Corbyn verði vikið úr flokknum eða að hann verði sakaður um lögbrot	Verið er að krefjast þess að Corbyn verði rekinn úr flokknum eða að hann verði höfður til saka	
183	-65.1	34.9	100.0	The Airport Operators Association said the new measures would "further damage what is already a fragile restart of the aviation sector which continues to face the biggest challenge in its history."	Samtök flugrekenda sögðu að nýju aðgerðirnar myndu „enn frekar skaða endurreisn fluggeirans, sem var viðkvæmur fyrir og stendur enn frammi fyrir stærstu áskorunum í sögu hans“.	Samtök flugvallastjórnenda sögðu að þessar nýju ráðstafanir myndu „valda enn frekari skaða á þeirri viðkvæmu enduruppbyggingu fluggeirans sem enn stendur frammi fyrir stærstu áskorun í sögu hans.“	Samtakaflugfélaganna sagði að þessar nýju ráðstafanir myndu „valda enn meiri skemmdum á því sem er þegar þrátt fyrir erfiðleika í flugiðnaðinum er það stærsta áskorunin í sögu flugfélaganna.“	
857	-61.9	21.7	83.7	"There are holidaymakers in Spain at the moment confused and distressed, there are people about to go on holiday to Spain and the islands like Tenerife who are confused, and they don't know whether their employers will allow them to take two weeks' quarantine.	„Það er fólk á ferðalagi á Spáni sem er ringlað og í uppnámi, það er fólk sem er á leið í frí til Spánar og eyja eins og Tenerife sem er ringlað og það veit ekki hvort vinnuveitendur þess leyfi því að sér tvær vikur“ í sóttkví.	"Það eru ferðamenn á Spáni um þessar mundir sem eru í uppnámi og áhyggjufullir, þar á meðal fólk sem er á leið í frí til Spánar og eyjanna eins og Tenerife. Þau eru í uppnámi og vita ekki hvort atvinnurekendur þeirra muni leyfa þeim að fara í tveggja vikna sóttkví.	Í Spáni eru nú ferðalangar á ferðalögum sem eru í vandræðum og hafa áhyggjur af því að fara í frí til Spánar og eyja eins og Tenerife þar sem þeir eru í vandræðum og vita ekki hvort þeirra atvinnuvefir leyfa þeim að fara í tveggja vikulangt frí.	critical:Í Spáni eru nú ferðalangar á ferðalögum sem eru í vandræðum og hafa áhyggjur af því að fara í frí til Spánar; critical:yja eins og Tenerife þar; critical:þeir; critical:r; critical:þeim; critical:.
618	-59.1	29.3	88.4	A July 6 briefing offered a prime example of the disconnect over how the briefings have ceased to be a source of meaningful information for Americans.	Fréttamannafundurinn 6. júlí var gott dæmi um það hvernig fréttamannafundirnir hafa ekki lengur upplýsingalegt gildi fyrir Bandaríkjamenn.	Yfirlýsing frá 6. júlí sýndi glöggt dæmi um þá sundrung sem ríkir um það hvernig fréttafundir eru ekki lengur uppspretta áreiðanlegra upplýsinga fyrir Bandaríkjamenn.	Þann 6. júlí boðaði yfirlýsingin frá þann 6. júlí frábært dæmi um það hvernig upplýsingarnar í yfirlýsingunni hafa ekki lengur verið áreiðanlegar upplýsingar fyrir bandaríska þjóðina.	
319	-58.7	27.4	86.2	Washington - Republican Senator Ted Cruz of Texas accused House Speaker Nancy Pelosi and House Democrats of pushing a coronavirus relief package that focuses on "shoveling cash at the problem and shutting America down" as negotiations on the next measure continue.	Washington – Ted Cruz, öldungadeildarþingmaður repúblikana frá Texas, sakaði Nancy Pelosi, forseta þingdeildar og þingflokks demókrata, um að mæla fyrir lögum sem ætlað er að létta á áhrifum kórónuveirunnar með því að „skófla peningum í vandamálið og loka Bandaríkjunum,“ er samningaviðræður um næsta úrræði halda áfram.	Washington - Repúblikaninn Ted Cruz, öldungadeildarþingmaður frá Texas, sakaði þingforseta fulltrúadeildarinnar, Nancy Pelosi, og fulltrúadeildarþingmenn Demókrataflokksins um að leggja fram aðgerðarpakka vegna kórónuveirunnar sem miðar að því að "fleyta peningum að vandanum og loka landinu" á meðan samningaviðræður um næstu aðgerðir standa yfir.	Washington - Ted Cruz, fulltrúadeildarþingmaður Repúblikanaflokksins frá Texas, sakaði Nancy Pelosi, forseta fulltrúadeildarinnar og demókrataflokksins í fulltrúadeildinni um að hafa lagt áherslu á að fjármagna vandamálið með því að fjármagna það með því að "kasta peningum á vandamálið og loka fyrir þjóðinni" á meðan áframhaldandi samningaviðræður áttu sér stað.	critical:á að fjármagna vandamálið með því að; critical:a það með
140	-57.7	41.3	99.0	Several tweets called for peace and asked organizers to "help us provide safe spaces and safe places for demonstrators."	Lögreglan birti fleiri færslur á Twitter þar sem hún kallaði eftir friði og bað skipuleggjendur um að „hjálpa okkur að tryggja örugg svæði og örugga staði fyrir mótmælendur“.	Nokkrir tístar kölluðu eftir friði og hvöttu skipuleggjendur til að "aðstoða okkur við að skapa örugg svæði og staði fyrir mótmælendur."	Nokkrir tölvupóstir kallaði eftir friði og óskaði eftir því að skipuleggjendur hjálpi okkur við að skapa örugg svæði og örugga staði fyrir mótmælendur.	critical:No; critical:rir tölvupóstir kallaði
692	-55.0	28.6	83.7	A California couple having lunch with their puppy at a dog park experienced the second, when an irate woman pepper-sprayed them for refusing to mask up... while eating.	Par sem snæddi hádegisverð með hvolpinum sínum í hundagarði í Kaliforníu varð fyrir því síðarnefnda þegar ævareið kona úðaði þau með piparúða fyrir að neita að setja á sig grímur ... á meðan þau borðuðu.	Hjón frá Kaliforníu voru að borða nesti með hundinum sínum í hundagarði þegar þau urðu vitni að atvikinu þegar reið kona úðaði þau með piparúða vegna þess að þau neituðu að setja upp andlitsgrímu... á meðan þau borðuðu.	Í Kaliforníu hittu hjónn og hundur þeirra á hádegi í hundagarði þar sem þeir voru að borða morgunverð þegar óánægð kona spreytti þeim í andstöðu þeirra vegna þess að þeir neituðu að vera með andlitinu þeirra þegar þeir voru að borða.	major:u hittu hjón; major:hundur þeirra á hádegi í; major:dagarði; major:sem þeir voru að borða morgunverð; major:óánægð kona spreytti þeim í andstöðu þeirra vegna þess að þeir ne; major:uðu að vera með andlitinu þeirra þegar þeir
601	-54.5	37.2	91.7	This demand, the note continues, justifies with the inclusion in the hospital specialized for the treatment of complex diseases, teaching and research, interventions related to ophthalmology and maternal-infant medicine, areas whose strategy and management deserve to be under the responsibility of the Ministry of Health.	Í skjalinu segir einnig að þessi eftirspurn réttlæti sérhæfðar meðferðir flókinna sjúkdóma, kennslu og rannsóknir, aðgerðir á sviði augnlækninga og mæðra- og ungbarnalækningar á sjúkrahúsinu, en skipulag og stjórnun þessara sviða eigi heima hjá heilbrigðisráðuneytinu.	Þessi krafa, segir í bréfinu áfram, réttlætist með því að innan sjúkrahússins verði starfrækt sérhæft meðferðar- og rannsóknarsetur fyrir flóknar sjúkdómsgerðir, kennsla og rannsóknir á sviði augnlækninga og læknisfræði móður og barns, þar sem stefna og stjórnun þessara mála á skilið að vera á ábyrgð heilbrigðisráðuneytisins.	Samkvæmt skýrslunni er þessi áskorun í samræmi við það að sjúkrahúsi sem sérhæfir sig í meðhöndlun flókinna sjúkdóma, kennslu og rannsókna, aðgerðum sem tengjast augnfræði og fæðingar- og móðurfræði, þar sem stefnan og stjórnun þeirra tilheyrir heilbrigðisráðuneytið, réttlætur.	major:þessi áskorun í samræmi við það að; major:i; major:rannsókna,; major:aðgerðum sem; major:- og móðurfræði, þar sem stefnan og stjórnun þeirra tilheyrir heilbrigðisráðuneytið, réttlætur
357	-54.0	45.6	99.6	While the Portland protests have centered in downtown, the demonstrations on Saturday roamed areas east of the downtown core, where the city's federal courthouse is.	Mótmælin í Portland hafa fyrst og fremst farið fram í miðbænum en á laugardaginn breiddust þau aftur á móti út um svæði austan við miðbæjarkjarnann, þar sem bygging alríkisdómstóls borgarinnar er.	Mótmælin í Portland hafa aðallega verið í miðbænum en á laugardaginn fóru mótmælin fram í hverfum austan við miðbæinn þar sem héraðsdómshúsið er staðsett.	Þrátt fyrir að mótmælin í Portland hafi átt sér stað í miðborginum voru mótmælin á laugardaginn á svæðum austan við miðborgið þar sem fæðingarheimili borgarinnar er staðsett. Þetta svæði er þar sem fæðingarheimili borgarinnar er staðsett.	critical:ið þar sem fæðingarheimili borgarinnar er staðsett. Þetta svæði er þar sem fæðingarheimili borgarinnar er staðsett
746	-53.3	40.0	93.2	Fresh from airing his family's dirty laundry on Twitter, rap enigma Kanye West has once again breathed life into his will-he-won't-he presidential bid, claiming that he could beat Joe Biden on write-in votes alone.	Eftir að hafa nýlega opinberað fjölskylduvandamál á Twitter hefur rapparinn kynngimagnaði enn á ný blásið lífi í forsetaframboð sitt sem mikil óvissa hefur ríkt um með því að halda því fram að hann gæti sigrað Joe Biden með einungis atkvæðum sem greidd eru frambjóðanda sem ekki er á kjörseðli.	Rapparinn Kanye West, sem hefur verið mikið í sviðsljósinu undanfarið vegna þess að hann birti einkamál fjölskyldu sinnar á Twitter, hefur aftur vakið athygli á forsetaframboði sínu með því að fullyrða að hann gæti sigrað Joe Biden með aðeins atkvæðum frá kjósendum sem skrifa nafn hans á kjörseðilinn.	Nýlega eftir að hafa sýnt fjölskyldu sína fyrir almenningi á Twitter með því að leggja úr skugga um það að hún væri ekki hrein, hefur Kanye West aftur komið lífi í forsetaframboð sitt með því að halda því fram að hann gæti sigrað Joe Biden með atkvæðum í atkvæðaframboði.	major:Nýlega eftir að hafa sýnt fjölskyldu sína fyrir almenningi á Twitter með því að leggja úr skugga um það að hún væri ekki hrein; major:Bi; major:atkvæðum í atkvæðaframboði
633	-51.6	33.5	85.1	"It's not just a gotcha game," Hume said of the intended purpose of the pressers.	„Þetta snýst ekki bara um að koma höggi á fólk,“ sagði Hume um tilgang fréttmannafundanna.	"Þetta er ekki bara spurningakeppni," sagði Hume um tilgang þessara blaðamannafunda.	" Þetta er ekki bara leikur þar sem hægt er að koma fram með það að markmiði," sagði Hume um það hlutverki sem það á að þjónusta.	
372	-50.8	35.5	86.3	Enter Xerxes's widowed mother, Queen Atossa (Lydia Koniordou), in a rather large black gown that appears to wear her, rather than the reverse; she is a human in an exoskeleton of fabric, both vulnerable and formidable.	Þá kemur til sögunnar móðir Xerzesar, ekkjan og drottningin Atossa (Lydia Koniordou), í nokkuð stórum svörtum kjól sem virðist klæðast henni, frekar er hún honum; hún er manneskja brynjuð klæðum, viðkvæm og óárennileg í senn.	Þá kemur drottningin Atossa (Lydia Koniordou), ekkja Xerxesar, fram í mjög stórum svörtum kjól sem virðist passa henni fullkomlega, en ekki öfugt. Hún er manneskja í yfirhúð úr efni, bæði viðkvæm og ógnvænleg.	Sjáðu Xerxes móður hennar, drottningu Atossu (Lydia Koniordou), í stórum svörtum klæðum sem virðast hafa verið hönnuð fyrir hana í stað þess að vera hún sjálf. Hún er manneskja í eðlilegri húð sem er bæði viðkvæm og öflug.	major:Sjáðu Xerxes móður hennar; major:stórum; major:hönnuð fyrir hana í stað þess að vera hún sjálf; major:manneskja í eðlilegri húð sem
879	-48.9	36.6	85.5	He went into cardiac arrest, was later declared brain dead and taken off life support.	Hann fór í hjartastopp og síðar var úrskurðað að hann væri heiladauður og hann tekinn úr öndunarvél.	Hann fór í hjartastopp, var síðar úrskurðaður látinn í höfði og tengingum við lífsbjargandi tæki slitið.	Hann fékk hjartasjúkdóm og var síðan sagður hafa látist með heilaáfalli. Hann var síðan látinn af lífsuppgötvuðu og tekið af lífsuppgötvuðu.	major:fékk hjartasjúkdóm; major:hafa látist; major:látinn af lífsuppgötvuðu og tekið af lífsuppgötvuðu
448	-48.4	35.1	83.5	A tiny piece of Martian basalt the size of a 10p coin will be launched on board a US robot probe on Thursday and propelled towards the red planet on a seven-month journey to its home world.	Örlítið basaltstykki frá Mars sem er á stærð við tíu pensa mynt verður um borð í bandarískum könnunarróbóta sem skotið verður á fimmtudaginn í sjö mánaða langt ferðalag í átt að rauðu heimaplánetunni.	Á fimmtudaginn mun bandarískt geimfar með róbót í farþegarými senda frá sér brot af basaltsteini frá Mars sem er á stærð við 10 pence mynt og senda það áleiðis til rauðu reikistjörnunnar á sjö mánaða ferðalagi til heimahafnar þess.	Á þriðjudaginn verður lítill hluti úr basíti á Mars, sem er á stærð við 10 punda mynt, skotið út í geimvél Bandaríkjanna og það flutt á leið til Rauða hnetunnar í sjö mánuða ferðalagi til heimalandsins.	major:Á þriðjudaginn verður; major:10 punda; major:skotið út í; major:og það flutt á; major:ferða; major:til heimalandsins
252	-47.6	52.3	100.0	He said: "It's not something I want to do.  A lot of people watching might think that's exactly what he should do and stop talking about things, but I care about the country."	Hann sagði: „Þetta er ekki eitthvað sem ég vil gera.  Margir sem eru að horfa hugsa ef til vill að ég eigi að gera nákvæmlega það og hætta að tjá mig, en mér þykir vænt um landið mitt.“	Hann sagði: "Þetta er ekki eitthvað sem mig langar til að gera. Margir sem fylgjast með gætu haldið að þetta sé nákvæmlega það sem hann ætti að gera og að hann ætti að hætta að tala um hlutina, en ég ber hag landsins fyrir brjósti."	Hann sagði: "Þetta er eitthvað sem ég vil ekki gera. Margir gætu haldið að þetta sé það sem hann á að gera og ætti að hætta að tala, en ég hef áhuga á landinu."	critical:sagði; critical:, en; major:áhuga á landinu
619	-47.6	47.5	95.1	Trump tweeted that morning that NASCAR's television ratings had been hurt by a false allegation of a hate crime against driver Bubba Wallace and by its decision to ban display of the Confederate flag at its events.	Trump birti færslu á Twitter um morguninn um að sjónvarpsáhorf á NASCAR hefði minnkað vegna rangra ásakana um hatursglæp ökumannsins Bubba Wallace og ákvörðunar fyrirtækisins að banna birtingu Suðurríkjafánans á viðburðum þess.	Trump tísti þann morguninn að sjónvarpsáhorf á keppnum NASCAR hefði minnkað vegna ásakana um hatursglæp gegn ökumanninum Bubba Wallace og vegna ákvörðunar samtakanna um að banna sýningu á fánanum frá Suðurríkjasambandinu á viðburðum þeirra.	Trump skrifaði í morgun tíst á Twitter þar sem hann sagði að sjónvarpsáætlun NASCAR hefði orðið fyrir skaða vegna þess að það hafði verið haldið því fram að Bubba Wallace, ökumaðurinn, hefði verið beittur af hatri og að það hefði verið ákveðið að banna sýningu fánans í Bandaríkjunum í tengslum við keppnir þeirra.	minor:í; minor:Twitter; major:sáætlun; major:hefði verið beittur af hatri; major:fánans í Bandaríkjunum í; major:
811	-46.6	37.9	84.5	"What we don't need is more fuel on the fire from federal agents to make, I think, an exciting political issue," he said.	„Það sem við þurfum ekki, að mínu mati, er að alríkislögreglumenn geri illt verra til þess að búa til spennandi pólitískt bitbein, sagði hann.	"Það sem við þurfum ekki á að halda er meira eldsneyti frá embættismönnum ríkisstjórnarinnar til að skapa, að mínu mati, spennandi pólitíska umræðu," sagði hann.	"Við þurfum ekki meira eldsneyti á eldinn frá embættismönnum ríkisstjórnarinnar til að skapa, að minnsta kosti, spennandi pólitíska umræðu," sagði hann.	
157	-45.5	45.0	90.6	The Metropolitan Police said on Saturday: "The Met takes all reports of antisemitism extremely seriously. The relevant material is being assessed."	Lögregla stórborgarsvæðisins sagði á laugardaginn: „Lögregla stórborgarsvæðisins lítur allar tilkynningar um gyðingahatur mjög alvarlegum augum. Verið er að leggja mat á viðeigandi gögn.“	Lögreglan í London sagði á laugardaginn: "Met-lögreglan tekur öllum tilkynningum um gyðingahatur mjög alvarlega. Málið er í skoðun."	Lögreglan í London sagði á laugardaginn: "Lögreglan tekur öllum tilkynningum um gyðingamorð af mikilli alvarleika. Viðkomandi efnið er í athugun."	critical:Lögreglan í London sagði á laugardaginn: "L; critical:reglan tekur öllum tilkynningum um gyðingamorð af mikilli al; critical:.; critical:; critical:."
634	-45.3	54.7	100.0	"It's not just an attempt to embarrass a public official. It's to extract information."	Fundirnir eru ekki ætlaðir fyrir tilraunir til að koma embættismönnum í vandræði. Þeir snúast um að afla upplýsinga.“	"Þetta er ekki bara tilraun til að gera opinberan embættismann að fífli. Markmiðið er að afla upplýsinga."	" Þetta er ekki bara tilraun til að gera opinberum embættismönnum þjónustu. Þetta er tilraun til að afla upplýsinga."	critical:" Þetta er ekki bara tilraun til að gera opinberum embættismönnum þjónustu. Þetta er tilraun til að afla upplýsinga."
944	-45.3	44.9	90.2	The Gold fire, which started south of Adin, is 40% contained as it continues to threaten homes and ranches as well as agriculture, livestock and timber operations, Cal Fire officials said in an update Saturday morning.	Náðst hefur að beisla 40% af Gulleldinum, sem hófst suður af Adin, en hann heldur áfram að ógna heimilum og búgörðum sem og landbúnaði, búfénaði og timburvinnslu, sögðu starfsmenn Cal Fire í tilkynningu á laugardagsmorgun.	Slökkviliðsmenn hjá Cal Fire sögðu laugardagsmorguninn að eldurinn í Gold-svæðinu, sem kviknaði sunnan við Adin, væri 40% slökktur og héldi áfram að ógna heimilum, bújörðum, landbúnaði, búfénaði og skógrækt.	Gull eldurinn, sem hófst sunnan við Adin, er nú 40% slökktur þar sem hann hefur enn þrátt fyrir það valdið hættu á heimilum og bæjum ásamt landbúnaði, fjárhúsum og skógi. Samkvæmt upplýsingum frá slökkviliði Cal Fire voru þessar upplýsingar gefnar út á laugardagsmorgun.	major:Gull eldurinn; major:din; major:40% slökktur þar sem hann hefur enn þrátt fyrir það valdið hættu; major:heim; major:bæjum; major:S; major:kviliði Cal Fire; major:þessar
612	-45.0	30.7	75.6	An article Saturday by the AP, the largest US news agency, said White House press briefings may be a "broken tradition," as McEnany has made them "a streamlined, full-throated advertisement for a president facing re-election, a venue for attacks on the media and a forum relatively light on information" about what the government is doing.	Í grein frá því á laugardaginn frá AP, stærstu fréttastofu Bandaríkjanna, segir að hefð hafi verið rofin á fréttamannafundum Hvíta hússins þar sem McEnany hefði gert þá að „straumlínulagaðri og ákafri auglýsingu fyrir forseta sem leitast eftir endurkjöri, vettvangi fyrir árásir á fjölmiðla þar sem tiltölulega litlar upplýsingar er að fá,“ um það sem ríkisstjórnin er að gera.	Grein í laugardagsblaði AP-fréttastofunnar, stærstu fréttastofu Bandaríkjanna, sagði að blaðamannafundir í Hvíta húsinu gætu verið "brostinn hefð" þar sem McEnany hefur breytt þeim í "skilvirka og ákveðna áróðursherferð fyrir forseta sem sækist eftir endurkjöri, vettvang fyrir árásir á fjölmiðla og vettvang þar sem upplýsingaflæðið er tiltölulega lítið um það sem ríkisstjórnin er að gera."	Í grein sem AP, stærsta fréttastofan í Bandaríkjunum, birti laugardaginn sagði hún að það gæti verið "brotið í hefð" að halda blaðamannafundi í Hvíta húsinu, þar sem McEnany hefur gert þá að "fyrirbæri" með því að kynna fyrir þjóðinni hvað ríkisstjórnin er að gera, þar sem árásir á fjölmiðla eru gerðar, og þar sem það er haldið í ljós hvað ríkisstjórnin er að gera. Það gæti verið "brotið í hefð" að halda blaðamannafundi í Hvíta húsinu, þar sem McEnany hefur gert það að "fyrirbæri" me	major:þjóð; major:in; major:sem það er haldið í ljós hvað ríkisstjórnin er að gera. Það gæti verið "brotið; major:hefð" að; major:bla; major:mannafundi í; major:ta húsinu; major:Mc; major:any
25	-44.0	53.9	97.9	She said: "He is a brilliant but complicated person who on top of the pressures of being an artist and a black man, who experienced the painful loss of his mother, and has to deal with the pressure and isolation that is heightened by his bi-polar disorder."	Hún sagði: „Hann er frábær en flókin manneskja sem auk þess að vera undir því álagi að vera listamaður og svartur maður hefur upplifað sársaukafullan móðurmissi og þarf að glíma við álagið og einangrunina sem geðhvarfasýkin eykur enn frekar á.“	Hún sagði: "Hann er snjall en flókin manneskja sem þarf að glíma við aukið álag vegna þess að hann er listamaður og svartur maður auk þess sem hann hefur misst móður sína og þarf að glíma við aukið álag og einangrun vegna geðsjúkdóms hans."	Hún sagði: "Hann er frábær en flókið fólk sem þarf að glíma við það að vera listamaður og svartur maður, sem þurfti að glíma við það að missa móður sína og þurfti að glíma við það að þurfa að glíma við það að vera með bipolarískt ástand."	minor:kið fólk; major:þurft; major:að glíma við það að þurfa að; major:lím
374	-44.0	53.8	97.7	For the most part, she stands in the middle of the circular stage, effortlessly projecting smoldering fury and agonizing sorrow as the scope of the disaster that befell the home troops is revealed.	Hún stendur að mestu í miðju hringlaga sviðsins og stafar áreynslulaust frá sér rjúkandi reiði og þjakandi angist þegar fréttirnar berast um raunir heimahersins.	Flestum stundum stendur hún miðsvæðis á hringlaga sviðinu og sýnir með auðveldum hætti brennandi reiði og þjáningarfullan sársauka þegar það kemur í ljós hversu mikill skaði hefur orðið á heimaliðinu.	Í flestum tilfellum stendur hún í miðjunni á hringnum og sýnir með auðveldum hætti uppgjöfandi reiðslu og gríðarlega þjáningu þegar ákveðin afleiðing af því að heimamennirnir urðu fyrir árásinni kemur í ljós.	major:num; major:auðveldum; major:uppgjöfandi reiðslu; major:a; major:þegar ákveðin afleiðing af því að heimamennirnir urðu fyrir árásinni kemur
